Goalkeeping 2025-2026 Fenerbahçe: All Competitions,Unnamed: 1,Unnamed: 2,Unnamed: 3,Unnamed: 4,Unnamed: 5,Unnamed: 6,Unnamed: 7,Unnamed: 8,Unnamed: 9,Unnamed: 10,Unnamed: 11,Unnamed: 12,Unnamed: 13,Unnamed: 14,Unnamed: 15,Unnamed: 16,Unnamed: 17,Unnamed: 18,Unnamed: 19,Unnamed: 20,Unnamed: 21,Unnamed: 22,Unnamed: 23,Unnamed: 24,Unnamed: 25,Unnamed: 26,Unnamed: 27,Unnamed: 28,Unnamed: 29,Unnamed: 30,Unnamed: 31,Unnamed: 32,Unnamed: 33,Unnamed: 34,Unnamed: 35,Unnamed: 36
,,,,,,,,,,,,,,,,,,,,,,,,,,,,,,,,,,,,
Glossary,,,,,,,,,,,,,,,,,,,,,,,,,,,,,,,,,,,,
Scroll Right For More Stats · Switch to Widescreen View,,,,,,,,,,,,,,,,,,,,,,,,,,,,,,,,,,,,
For Fenerbahçe,,,,,,,,,,,,,,,,,,,,,,,,,,,,,,,,,,,,
Against Fenerbahçe,,,,,,,,,,,,,,,,,,,,,,,,,,,,,,,,,,,,
Against Fenerbahçe,,,,,,,,,,Performance,,,,,,,Penalty Kicks,,,,Launched,,,Passes,,,,Goal Kicks,,,Crosses,,,Sweeper,,
Date,Time,Comp,Round,Day,Venue,Result,GF,GA,Opponent,SoTA,GA,Saves,Save%,CS,PSxG,PSxG+/-,PKatt,PKA,PKsv,PKm,Cmp,Att,Cmp%,Att (GK),Thr,Launch%,AvgLen,Att,Launch%,AvgLen,Opp,Stp,Stp%,#OPA,AvgDist,Match Report
2025-08-06 00:00:00,21:00 (22:00),Champions Lg,Third qualifying round,Wed,Home,W,2,1,nl Feyenoord,,1,,,0,,,0,0,0,0,,,,,,,,,,,,,,,,Match Report
2025-08-12 00:00:00,20:00:00,Champions Lg,Third qualifying round,Tue,Away,L,2,5,nl Feyenoord,,5,,,0,,,0,0,0,0,,,,,,,,,,,,,,,,Match Report
2025-08-16 00:00:00,21:30:00,Süper Lig,Matchweek 2,Sat,Home,D,0,0,Göztepe,0,0,0,,1,,,1,0,1,0,,,,,,,,,,,,,,,,Match Report
2025-08-20 00:00:00,22:00:00,Champions Lg,Play-off round,Wed,Away,D,0,0,pt Benfica,6,0,6,100.0,1,,,0,0,0,0,,,,,,,,,,,,,,,,Match Report
2025-08-23 00:00:00,21:30:00,Süper Lig,Matchweek 3,Sat,Away,L,1,3,Kocaelispor,7,3,4,57.1,0,,,0,0,0,0,,,,,,,,,,,,,,,,Match Report
2025-08-27 00:00:00,20:00 (22:00),Champions Lg,Play-off round,Wed,Home,W,1,0,pt Benfica,0,0,0,,1,,,0,0,0,0,,,,,,,,,,,,,,,,Match Report
2025-08-31 00:00:00,19:00:00,Süper Lig,Matchweek 4,Sun,Home,L,1,3,Gençlerbirliği,4,3,1,25.0,0,,,0,0,0,0,,,,,,,,,,,,,,,,Match Report
2025-09-14 00:00:00,19:00:00,Süper Lig,Matchweek 5,Sun,Away,L,0,1,Trabzonspor,9,1,8,88.9,0,,,0,0,0,0,,,,,,,,,,,,,,,,Match Report
2025-09-17 00:00:00,20:00:00,Süper Lig,Matchweek 1,Wed,Away,D,2,2,Alanyaspor,4,2,3,50.0,0,,,1,0,1,0,,,,,,,,,,,,,,,,Match Report
2025-09-21 00:00:00,20:00:00,Süper Lig,Matchweek 6,Sun,Home,D,1,1,Kasımpaşa,2,1,1,50.0,0,,,0,0,0,0,,,,,,,,,,,,,,,,Match Report
2025-09-24 00:00:00,21:00 (22:00),Europa Lg,League phase,Wed,Home,W,3,1,hr Dinamo Zagreb,2,1,1,50.0,0,0.2,-0.8,0,0,0,0,5,20,25.0,25,3,56.0,38.1,9,66.7,47.6,20,0,0.0,4,20.0,Match Report
2025-09-28 00:00:00,20:00:00,Süper Lig,Matchweek 7,Sun,Away,L,0,2,Antalyaspor,10,2,9,90.0,0,,,1,1,0,0,,,,,,,,,,,,,,,,Match Report
2025-10-02 00:00:00,19:45:00,Europa Lg,League phase,Thu,Away,L,1,2,fr Nice,5,2,3,60.0,0,2025-05-01 00:00:00,-0.5,0,0,0,0,5,10,50.0,40,8,25.0,2025-05-29 00:00:00,10,0.0,2025-05-10 00:00:00,14,0,0.0,1,2025-03-14 00:00:00,Match Report
2025-10-05 00:00:00,20:00:00,Süper Lig,Matchweek 8,Sun,Home,D,0,0,Samsunspor,1,0,1,100.0,1,,,0,0,0,0,,,,,,,,,,,,,,,,Match Report
2025-10-19 00:00:00,20:00:00,Süper Lig,Matchweek 9,Sun,Away,L,1,2,Fatih Karagümrük,7,2,6,85.7,0,,,1,1,0,0,,,,,,,,,,,,,,,,Match Report
2025-10-23 00:00:00,19:45:00,Europa Lg,League phase,Thu,Away,L,0,1,de Stuttgart,7,1,6,100.0,0,2025-01-01 00:00:00,+0.1,1,1,0,0,9,18,50.0,36,6,41.7,36.5,7,42.9,32.6,8,0,0.0,2,2025-02-17 00:00:00,Match Report
2025-10-27 00:00:00,20:00:00,Süper Lig,Matchweek 10,Mon,Home,L,0,4,Gaziantep FK,12,4,8,66.7,0,,,0,0,0,0,,,,,,,,,,,,,,,,Match Report
2025-11-02 00:00:00,20:00:00,Süper Lig,Matchweek 11,Sun,Home,L,2,3,Beşiktaş,10,3,7,70.0,0,,,0,0,0,0,,,,,,,,,,,,,,,,Match Report
2025-11-06 00:00:00,21:00 (23:00),Europa Lg,League phase,Thu,Home,D,0,0,cz Viktoria Plzeň,4,0,4,100.0,1,2025-03-01 00:00:00,+1.3,0,0,0,0,3,18,2025-07-16 00:00:00,25,3,56.0,43.4,5,80.0,55.4,7,0,0.0,0,2025-05-11 00:00:00,Match Report
,,,,,,--,,,,90,31,68,75.6,5,2025-01-04 00:00:00,+0.1,5,3,2,0,22,66,33.3,126,20,42.1,36.0,31,41.9,33.5,49,0,0.0,7,2025-06-16 00:00:00,
,,,,,,,,,,,,,,,,,,,,,,,,,,,,,,,,,,,,
Includes all matches from 2025-07-01 to 2026-06-30,,,,,,,,,,,,,,,,,,,,,,,,,,,,,,,,,,,,
